Mean_pe,Mean_ee
0.0,100.0
0.0,50.0
0.0,30.0
0.0,70.0
44.080000000000304,0.0
12.40000000000023,0.0
53.200000000000315,0.0
22.600000000000243,0.0
